{
    "45.48": 2.673657178878784,
    "45.1": 2.673657178878784,
    "44.79": 2.6648166179656982,
    "44.41": 2.6651828289031982,
    "44.1": 2.6651828289031982,
    "43.72": 2.6651828289031982,
    "43.41": 2.6651828289031982,
    "43.03": 2.6651828289031982,
    "42.72": 2.6651828289031982,
    "42.03": 2.665649175643921,
    "41.65": 2.665649175643921,
    "40.81": 2.665649175643921,
    "40.2": 2.665649175643921,
    "39.28": 2.665649175643921,
    "38.05": 2.668192148208618,
    "37.52": 2.668192148208618,
    "36.83": 2.668192148208618,
    "36.21": 2.668192148208618,
    "35.37": 2.668789863586426,
    "34.61": 2.6675775051116943,
    "34.07": 2.6675775051116943,
    "33.53": 2.6675775051116943,
    "33.0": 2.6675775051116943,
    "32.46": 2.6675775051116943,
    "31.77": 2.7116329669952393,
    "31.16": 2.6698496341705322,
    "30.47": 2.6698496341705322,
    "30.09": 2.6698496341705322,
    "29.48": 2.6698496341705322,
    "28.86": 2.712904214859009,
    "28.18": 22.943527221679688,
    "27.64": 2.6725144386291504,
    "27.1": 2.6725144386291504,
    "26.64": 2.6725144386291504,
    "26.26": 2.7130753993988037,
    "25.65": 22.964672088623047,
    "25.11": 23.254377365112305,
    "24.58": 2.7144744396209717,
    "23.96": 2.7144744396209717,
    "23.5": 2.7144744396209717,
    "22.89": 22.953781127929688,
    "22.43": 22.953781127929688,
    "21.97": 23.276199340820312,
    "21.51": 2.717390298843384,
    "20.98": 2.717390298843384,
    "20.44": 2.717390298843384,
    "19.91": 22.94405174255371,
    "19.52": 22.94405174255371,
    "18.99": 23.286455154418945,
    "18.53": 2.7187132835388184,
    "17.99": 2.7187132835388184,
    "17.53": 2.7187132835388184,
    "17.15": 22.96158218383789,
    "16.61": 22.96158218383789,
    "16.15": 23.26861000061035,
    "15.62": 2.7194671630859375,
    "15.24": 2.7194671630859375,
    "14.78": 2.7194671630859375,
    "14.24": 22.94805335998535,
    "13.78": 22.94805335998535,
    "13.32": 23.268075942993164,
    "12.79": 2.719008207321167,
    "12.4": 2.719008207321167,
    "12.1": 2.719008207321167,
    "11.48": 2.719008207321167,
    "11.1": 22.956748962402344,
    "10.64": 23.254928588867188,
    "10.26": 2.7219018936157227,
    "9.8": 2.7219018936157227,
    "9.26": 2.7219018936157227,
    "8.8": 2.723568916320801,
    "8.42": 22.95221519470215,
    "7.96": 22.956144332885742,
    "7.66": 2.7219741344451904,
    "7.27": 2.7225182056427,
    "6.81": 2.7225182056427,
    "6.35": 2.7225182056427,
    "5.9": 22.948637008666992,
    "5.51": 22.948637008666992,
    "5.05": 2.72391414642334,
    "4.67": 2.72391414642334,
    "4.29": 2.72391414642334,
    "3.83": 2.72391414642334,
    "3.37": 2.72391414642334,
    "2.91": 22.921972274780273,
    "2.53": 2.723154067993164,
    "2.07": 2.723154067993164,
    "1.68": 2.723154067993164,
    "1.23": 2.723154067993164,
    "0.84": 2.723811388015747,
    "0.54": 2.723811388015747,
    "0.08": 2.7228734493255615,
    "-0.38": 2.7228734493255615,
    "-0.77": 2.7228734493255615,
    "-1.3": 2.7228734493255615,
    "-1.76": 2.723975658416748,
    "-1.99": 2.723975658416748,
    "-2.37": 2.7241666316986084,
    "-2.91": 2.7241666316986084,
    "-3.29": 2.7241666316986084,
    "-3.75": 2.7241666316986084,
    "-4.06": 2.7241666316986084,
    "-4.52": 2.7241666316986084,
    "-4.9": 2.724104404449463,
    "-5.51": 2.724104404449463,
    "-5.9": 2.724104404449463,
    "-6.28": 2.724104404449463,
    "-6.66": 2.724104404449463,
    "-7.12": 2.724104404449463,
    "-7.5": 2.7239990234375,
    "-7.96": 2.7211034297943115,
    "-8.42": 2.7211034297943115,
    "-8.88": 2.7211034297943115,
    "-9.19": 2.7211034297943115,
    "-9.49": 2.7211034297943115,
    "-10.11": 2.722628116607666,
    "-10.57": 2.722628116607666,
    "-10.87": 2.722628116607666,
    "-11.48": 2.722628116607666,
    "-11.87": 2.722628116607666,
    "-12.25": 2.722628116607666,
    "-12.71": 2.720367670059204,
    "-13.09": 2.720367670059204,
    "-13.55": 2.720367670059204,
    "-14.09": 2.720367670059204,
    "-14.47": 2.720367670059204,
    "-14.93": 2.720367670059204,
    "-15.39": 2.7236948013305664,
    "-15.85": 2.723102331161499,
    "-16.38": 2.7212555408477783,
    "-17.0": 2.7212555408477783,
    "-17.23": 2.7212555408477783,
    "-17.69": 2.7212555408477783,
    "-18.22": 2.721097469329834,
    "-18.6": 2.721097469329834,
    "-19.06": 2.72023868560791,
    "-19.68": 2.72023868560791,
    "-20.14": 2.72023868560791,
    "-20.52": 2.72023868560791,
    "-21.05": 2.7210147380828857,
    "-21.59": 2.7197515964508057,
    "-22.13": 2.7196974754333496,
    "-22.59": 2.7196974754333496,
    "-23.12": 2.7196974754333496,
    "-23.5": 2.7196974754333496,
    "-24.19": 2.6785366535186768,
    "-24.73": 2.6785366535186768,
    "-25.19": 2.6785366535186768,
    "-25.88": 2.6785366535186768,
    "-26.34": 2.6785366535186768,
    "-26.72": 2.6785366535186768,
    "-27.41": 2.6759681701660156,
    "-28.02": 2.6759681701660156,
    "-28.4": 2.6759681701660156,
    "-28.94": 2.6759681701660156,
    "-29.71": 2.6759681701660156,
    "-30.32": 2.6759681701660156,
    "-30.85": 2.6733360290527344,
    "-31.31": 2.6733360290527344,
    "-32.0": 2.6733360290527344,
    "-32.69": 2.6733360290527344,
    "-33.69": 2.6733360290527344,
    "-34.45": 2.672075033187866,
    "-35.3": 2.672075033187866,
    "-35.75": 2.672075033187866,
    "-36.29": 2.672075033187866,
    "-37.13": 2.7136621475219727,
    "-37.52": 22.912689208984375,
    "-38.2": 2.6719071865081787,
    "-38.89": 2.6719071865081787,
    "-39.66": 2.672170877456665,
    "-40.43": 22.91790771484375,
    "-41.04": 22.952062606811523,
    "-41.73": 23.26627540588379,
    "-42.19": 2.6708409786224365,
    "-42.57": 2.671693801879883,
    "-42.88": 2.668759822845459,
    "-42.8": 2.6687369346618652
}